Captura_Sistema,Web_Fecha_Origen,Web_Hora_Origen,Temp_Actual_C,Temp_Min_Diaria_C,Temp_Max_Diaria_C,Temp_Hora_Min,Temp_Hora_Max,Temp_Min_Mensual_C,Temp_Max_Mensual_C,Hum_Actual_pct,Hum_Min_Diaria_pct,Hum_Max_Diaria_pct,Hum_Hora_Min,Hum_Hora_Max,Punto_Rocio_C,Presion_hPa,Viento_Vel_kmh,Viento_Dir,Viento_Max_kmh,Viento_Hora_Max,Lluvia_Dia_mm,Lluvia_Mes_mm,ET_Dia_mm,Rad_Solar_Wm2,UV_Indice,UV_Max_Diaria,UV_Hora_Max
2026-05-09 15:31:16,09/05/26,12:25p,10.1,5.8,10.1,4:48a,12:25p,2.3,26.1,86,50,94,12:02a,6:32a,7.9,1016.3,0,SO,0,,2.0,43.2,0.51,322,1.8,2.3,12:22p
2026-05-09 16:35:30,09/05/26,1:30p,10.3,5.8,10.9,4:48a,1:18p,2.3,26.1,83,50,94,12:02a,6:32a,7.5,1016.5,0,SO,0,,2.0,43.2,0.63,176,2.5,2.7,1:14p
2026-05-09 19:45:00,09/05/26,4:40p,11.8,5.8,12.2,4:48a,3:52p,2.3,26.1,74,50,94,12:02a,6:32a,7.3,1017.4,0,SO,0,,2.0,43.2,1.12,116,0.5,3.3,1:31p
2026-05-09 22:25:49,09/05/26,7:20p,10.6,5.8,12.2,4:48a,3:52p,2.3,26.1,77,50,94,12:02a,6:32a,6.7,1019.3,0,SO,0,,2.0,43.2,1.35,0,0.0,3.3,1:31p
2026-05-10 04:36:02,09/05/26,10:55p,8.8,5.8,12.2,4:48a,3:52p,2.3,26.1,79,50,94,12:02a,6:32a,5.3,1021.8,0,OSO,0,,2.0,43.2,1.42,0,0.0,3.3,1:31p
2026-05-10 08:29:54,09/05/26,10:55p,8.8,5.8,12.2,4:48a,3:52p,2.3,26.1,79,50,94,12:02a,6:32a,5.3,1021.8,0,OSO,0,,2.0,43.2,1.42,0,0.0,3.3,1:31p
2026-05-10 10:48:08,0,0,ERROR,ERROR,ERROR,ERROR,ERROR,ERROR,ERROR,ERROR,ERROR,ERROR,ERROR,ERROR,ERROR,ERROR,ERROR,S,ERROR,ERROR,ERROR,ERROR,ERROR,ERROR,ERROR,ERROR,ERROR
2026-05-10 14:07:53,10/05/26,11:05a,10.7,4.7,10.7,7:28a,11:05a,2.3,26.1,61,60,85,11:01a,4:06a,3.4,1021.6,0,NO,0,,0.0,43.2,0.61,555,2.3,2.3,11:02a
2026-05-10 16:36:18,0,0,ERROR,ERROR,ERROR,ERROR,ERROR,ERROR,ERROR,ERROR,ERROR,ERROR,ERROR,ERROR,ERROR,ERROR,ERROR,S,ERROR,ERROR,ERROR,ERROR,ERROR,ERROR,ERROR,ERROR,ERROR
2026-05-10 19:45:44,10/05/26,4:40p,15.1,4.7,15.3,7:28a,4:22p,2.3,26.1,41,41,85,3:50p,4:06a,1.9,1018.8,0,SO,0,,0.0,43.2,2.49,237,0.7,3.0,12:22p
2026-05-10 22:28:48,10/05/26,7:25p,11.5,4.7,15.3,7:28a,4:22p,2.3,26.1,58,41,85,3:50p,4:06a,3.5,1020.0,0,NO,0,,0.0,43.2,2.84,0,0.0,3.0,12:22p
2026-05-11 04:47:42,10/05/26,10:55p,7.7,4.7,15.3,7:28a,4:22p,2.3,26.1,75,41,85,3:50p,4:06a,3.5,1021.7,0,O,0,,0.0,43.2,2.92,0,0.0,3.0,12:22p
2026-05-11 10:25:42,11/05/26,7:20a,2.8,2.8,6.8,7:18a,12:44a,2.3,26.1,90,79,92,12:45a,5:36a,1.4,1021.7,0,NO,0,,0.0,43.2,0.00,0,0.0,0.0,
2026-05-11 15:48:50,11/05/26,12:45p,14.6,2.6,14.6,7:30a,12:43p,2.3,26.1,55,55,93,12:45p,8:02a,5.6,1019.7,0,NO,0,,0.0,43.2,0.71,642,3.2,3.2,12:36p
2026-05-11 20:24:25,11/05/26,5:20p,17.2,2.6,17.7,7:30a,4:33p,2.3,26.1,47,44,93,4:09p,8:02a,5.8,1016.3,0,NNE,0,,0.0,43.2,2.31,23,0.0,3.2,12:36p
2026-05-11 22:39:15,11/05/26,7:35p,14.0,2.6,17.7,7:30a,4:33p,2.3,26.1,58,44,93,4:09p,8:02a,5.9,1016.7,0,NO,0,,0.0,43.2,2.41,0,0.0,3.2,12:36p
2026-05-12 04:27:11,11/05/26,10:55p,12.2,2.6,17.7,7:30a,4:33p,2.3,26.1,67,44,93,4:09p,8:02a,6.2,1016.0,0,NO,0,,0.0,43.2,2.54,0,0.0,3.2,12:36p
2026-05-12 09:21:39,12/05/26,6:15a,8.2,8.2,12.0,6:13a,1:24a,2.3,26.1,85,67,85,12:00a,4:36a,5.8,1014.2,0,NNO,0,,0.0,43.2,0.15,0,0.0,0.0,
2026-05-12 11:34:33,12/05/26,8:30a,9.2,7.9,12.0,7:08a,1:24a,2.3,26.1,83,67,86,12:00a,6:21a,6.4,1014.7,0,NO,0,,0.0,43.2,0.15,107,0.0,0.0,
2026-05-12 15:33:04,12/05/26,12:30p,17.8,7.9,17.8,7:08a,12:29p,2.3,26.1,56,56,86,12:30p,6:21a,8.9,1013.2,0,NNO,0,,0.0,43.2,0.97,629,3.4,3.4,12:25p
2026-05-12 17:49:06,12/05/26,2:45p,20.6,7.9,20.6,7:08a,2:44p,2.3,26.1,51,49,86,2:34p,6:21a,10.1,1011.6,0,N,0,,0.0,43.2,1.75,519,2.6,3.5,12:44p
2026-05-12 20:20:22,12/05/26,5:15p,21.3,7.9,21.7,7:08a,4:51p,2.3,26.1,47,45,86,4:05p,6:21a,9.5,1011.2,0,NO,0,,0.0,43.2,2.64,60,0.0,3.5,12:44p
2026-05-12 22:45:07,0,0,ERROR,ERROR,ERROR,ERROR,ERROR,ERROR,ERROR,ERROR,ERROR,ERROR,ERROR,ERROR,ERROR,ERROR,ERROR,S,ERROR,ERROR,ERROR,ERROR,ERROR,ERROR,ERROR,ERROR,ERROR
2026-05-13 04:34:31,12/05/26,10:55p,13.4,7.9,21.7,7:08a,4:51p,2.3,26.1,74,45,86,4:05p,6:21a,8.9,1016.8,0,S,0,,0.0,43.2,2.84,0,0.0,3.5,12:44p
2026-05-13 09:31:43,0,0,ERROR,ERROR,ERROR,ERROR,ERROR,ERROR,ERROR,ERROR,ERROR,ERROR,ERROR,ERROR,ERROR,ERROR,ERROR,S,ERROR,ERROR,ERROR,ERROR,ERROR,ERROR,ERROR,ERROR,ERROR
2026-05-13 11:51:22,13/05/26,8:45a,9.6,7.5,13.1,7:52a,12:00a,2.3,26.1,76,69,82,12:00a,7:41a,5.5,1019.5,0,S,0,,0.0,43.2,0.20,162,0.5,0.5,8:43a
2026-05-13 15:36:27,13/05/26,12:30p,14.2,7.5,14.3,7:52a,12:24p,2.3,26.1,45,44,82,12:24p,7:41a,2.4,1018.6,0,SO,0,,0.0,43.2,0.84,452,2.5,3.3,12:24p
2026-05-13 17:50:58,13/05/26,2:45p,14.5,7.5,15.1,7:52a,1:22p,2.3,26.1,46,43,82,12:47p,7:41a,3.0,1017.5,0,S,0,,0.0,43.2,1.52,341,1.8,3.6,1:09p
2026-05-13 20:26:29,13/05/26,5:20p,13.9,7.5,15.4,7:52a,3:49p,2.3,26.1,54,42,82,3:08p,7:41a,4.8,1017.2,0,SO,0,,0.0,43.2,2.16,26,0.0,3.6,1:09p
2026-05-13 22:49:17,0,0,ERROR,ERROR,ERROR,ERROR,ERROR,ERROR,ERROR,ERROR,ERROR,ERROR,ERROR,ERROR,ERROR,ERROR,ERROR,S,ERROR,ERROR,ERROR,ERROR,ERROR,ERROR,ERROR,ERROR,ERROR
2026-05-14 04:32:45,13/05/26,10:55p,11.2,7.5,15.4,7:52a,3:49p,2.3,26.1,77,42,82,3:08p,7:41a,7.3,1018.2,0,N,0,,0.0,43.2,2.26,0,0.0,3.6,1:09p
2026-05-14 09:19:37,14/05/26,6:15a,10.8,9.4,11.2,5:00a,12:32a,2.3,26.1,76,76,86,6:07a,4:59a,6.8,1020.0,0,SSO,0,,0.0,43.2,0.13,0,0.0,0.0,
2026-05-14 11:28:52,0,0,ERROR,ERROR,ERROR,ERROR,ERROR,ERROR,ERROR,ERROR,ERROR,ERROR,ERROR,ERROR,ERROR,ERROR,ERROR,S,ERROR,ERROR,ERROR,ERROR,ERROR,ERROR,ERROR,ERROR,ERROR
2026-05-14 15:10:44,14/05/26,12:05p,14.7,9.4,14.7,5:00a,11:58a,2.3,26.1,57,55,86,11:06a,4:59a,6.3,1021.9,0,SO,0,,0.0,43.2,0.81,587,2.6,2.6,12:02p
2026-05-14 17:26:52,0,0,ERROR,ERROR,ERROR,ERROR,ERROR,ERROR,ERROR,ERROR,ERROR,ERROR,ERROR,ERROR,ERROR,ERROR,ERROR,S,ERROR,ERROR,ERROR,ERROR,ERROR,ERROR,ERROR,ERROR,ERROR
2026-05-14 20:19:06,14/05/26,5:15p,15.7,9.4,16.6,5:00a,3:41p,2.3,26.1,57,51,86,4:22p,4:59a,7.2,1020.6,0,OSO,0,,0.0,43.2,2.31,28,0.0,2.7,12:21p
2026-05-14 22:41:10,14/05/26,7:35p,10.6,9.4,16.6,5:00a,3:41p,2.3,26.1,80,51,86,4:22p,4:59a,7.3,1021.7,0,ESE,0,,0.0,43.2,2.36,0,0.0,2.7,12:21p
2026-05-15 04:40:03,0,0,ERROR,ERROR,ERROR,ERROR,ERROR,ERROR,ERROR,ERROR,ERROR,ERROR,ERROR,ERROR,ERROR,ERROR,ERROR,S,ERROR,ERROR,ERROR,ERROR,ERROR,ERROR,ERROR,ERROR,ERROR
2026-05-15 09:35:29,15/05/26,6:30a,5.6,5.3,7.5,5:21a,3:19a,2.3,26.1,95,92,95,12:00a,6:09a,4.9,1021.3,0,N,0,,0.0,43.2,0.00,0,0.0,0.0,
2026-05-15 11:35:53,15/05/26,8:30a,8.4,5.3,8.4,5:21a,8:29a,2.3,26.1,95,92,95,12:00a,6:09a,7.6,1021.3,0,O,0,,0.3,43.4,0.00,113,0.0,0.0,
2026-05-15 15:05:48,15/05/26,12:00p,15.1,5.3,15.1,5:21a,11:59a,2.3,26.1,68,68,95,11:59a,6:09a,9.2,1019.6,0,N,0,,0.3,43.4,0.66,591,2.8,2.8,11:58a
2026-05-15 17:15:19,15/05/26,2:10p,16.3,5.3,16.8,5:21a,1:34p,2.3,26.1,73,64,95,1:25p,6:09a,11.5,1017.2,0,E,0,,0.3,43.4,1.35,559,2.6,3.0,12:34p
2026-05-15 20:07:05,15/05/26,5:05p,14.9,5.3,16.8,5:21a,1:34p,2.3,26.1,67,63,95,4:09p,6:09a,8.9,1016.3,0,ENE,0,,0.3,43.4,2.06,84,0.0,3.0,12:34p
2026-05-15 22:37:18,15/05/26,7:35p,11.5,5.3,16.8,5:21a,1:34p,2.3,26.1,80,63,95,4:09p,6:09a,8.2,1016.4,0,ENE,0,,0.3,43.4,2.11,0,0.0,3.0,12:34p
2026-05-16 04:21:13,15/05/26,10:55p,12.4,5.3,16.8,5:21a,1:34p,2.3,26.1,72,63,95,4:09p,6:09a,7.5,1016.5,0,ENE,0,,0.3,43.4,2.13,0,0.0,3.0,12:34p
2026-05-16 08:28:13,15/05/26,10:55p,12.4,5.3,16.8,5:21a,1:34p,2.3,26.1,72,63,95,4:09p,6:09a,7.5,1016.5,0,ENE,0,,0.3,43.4,2.13,0,0.0,3.0,12:34p
2026-05-16 10:49:05,16/05/26,7:45a,7.9,7.8,12.8,7:45a,12:47a,2.3,26.1,90,76,91,12:29a,7:14a,6.3,1017.2,0,ONO,0,,0.0,43.4,0.10,5,0.0,0.0,
2026-05-16 14:09:13,16/05/26,11:05a,12.5,7.4,12.8,8:04a,10:34a,2.3,26.1,77,76,94,12:29a,8:24a,8.6,1018.1,0,O,0,,0.0,43.4,0.28,79,0.0,1.1,10:18a
2026-05-16 16:36:58,16/05/26,1:35p,15.6,7.4,16.2,8:04a,1:07p,2.3,26.1,63,60,94,1:19p,8:24a,8.5,1016.6,0,OSO,0,,0.0,43.4,0.58,329,1.8,3.1,12:57p
2026-05-16 19:47:17,16/05/26,4:45p,14.5,7.4,16.2,8:04a,1:07p,2.3,26.1,72,60,94,1:19p,8:24a,9.5,1017.5,0,OSO,0,,0.0,43.4,1.12,54,0.0,3.1,12:57p
2026-05-16 22:29:16,0,0,ERROR,ERROR,ERROR,ERROR,ERROR,ERROR,ERROR,ERROR,ERROR,ERROR,ERROR,ERROR,ERROR,ERROR,ERROR,S,ERROR,ERROR,ERROR,ERROR,ERROR,ERROR,ERROR,ERROR,ERROR
2026-05-17 04:42:55,16/05/26,10:55p,11.2,7.4,16.2,8:04a,1:07p,2.3,26.1,81,60,94,1:19p,8:24a,8.1,1021.4,0,S,0,,0.0,43.4,1.30,0,0.0,3.1,12:57p
2026-05-17 08:54:58,16/05/26,10:55p,11.2,7.4,16.2,8:04a,1:07p,2.3,26.1,81,60,94,1:19p,8:24a,8.1,1021.4,0,S,0,,0.0,43.4,1.30,0,0.0,3.1,12:57p
2026-05-17 10:54:55,17/05/26,7:50a,8.6,8.5,11.1,7:39a,12:00a,2.3,26.1,77,70,79,5:54a,1:51a,4.8,1022.9,0,SSO,0,,0.0,43.4,0.20,11,0.0,0.0,
2026-05-17 14:10:43,17/05/26,11:05a,10.8,8.5,11.1,7:39a,12:00a,2.3,26.1,63,63,79,10:43a,1:51a,4.1,1024.1,0,SSE,0,,0.0,43.4,0.56,527,2.1,2.1,11:03a
2026-05-17 16:37:59,17/05/26,1:35p,12.8,8.5,12.8,7:39a,1:35p,2.3,26.1,59,57,79,1:11p,1:51a,5.0,1023.3,0,SSO,0,,0.0,43.4,1.19,577,2.5,2.6,12:22p
2026-05-17 19:49:30,17/05/26,4:45p,13.2,8.5,13.4,7:39a,4:06p,2.3,26.1,54,52,79,3:27p,1:51a,4.1,1023.1,0,O,0,,0.0,43.4,2.08,149,0.5,2.6,12:22p
2026-05-17 22:36:40,17/05/26,7:30p,9.9,8.5,13.4,7:39a,4:06p,2.3,26.1,62,52,79,3:27p,1:51a,2.9,1025.1,0,O,0,,0.0,43.4,2.34,0,0.0,2.6,12:22p
2026-05-18 04:58:11,17/05/26,10:55p,5.3,5.2,13.4,10:35p,4:06p,2.3,26.1,85,52,85,3:27p,10:28p,3.0,1026.5,0,O,0,,0.0,43.4,2.41,0,0.0,2.6,12:22p
2026-05-18 10:49:20,18/05/26,7:45a,2.7,2.6,5.1,7:37a,2:35a,2.3,26.1,91,82,91,4:31a,12:51a,1.3,1026.9,0,O,0,,0.3,43.7,0.00,7,0.0,0.0,
2026-05-18 16:06:52,18/05/26,1:05p,14.4,2.6,14.4,7:37a,1:01p,2.3,26.1,51,50,92,12:44p,7:46a,4.4,1025.2,0,O,0,,0.3,43.7,1.02,606,2.7,2.7,12:29p
2026-05-18 20:19:07,18/05/26,5:15p,14.4,2.6,15.3,7:37a,3:30p,2.3,26.1,49,45,92,2:52p,7:46a,3.8,1023.0,0,O,0,,0.3,43.7,2.13,30,0.0,2.7,12:29p
2026-05-18 22:39:49,18/05/26,7:35p,8.6,2.6,15.3,7:37a,3:30p,2.3,26.1,73,45,92,2:52p,7:46a,4.0,1023.4,0,ONO,0,,0.3,43.7,2.18,0,0.0,2.7,12:29p
2026-05-19 04:46:37,18/05/26,10:55p,7.0,2.6,15.3,7:37a,3:30p,2.3,26.1,81,45,92,2:52p,7:46a,4.0,1023.8,0,ONO,0,,0.3,43.7,2.24,0,0.0,2.7,12:29p
2026-05-19 10:27:33,19/05/26,7:25a,6.1,5.8,7.0,12:00a,2:31a,2.3,26.1,84,82,87,2:23a,12:17a,3.6,1023.2,0,ONO,0,,0.0,43.7,0.03,0,0.0,0.0,
2026-05-19 16:03:03,19/05/26,1:00p,15.3,5.8,15.3,12:00a,12:58p,2.3,26.1,55,55,87,12:59p,12:17a,6.3,1021.4,0,O,0,,0.0,43.7,1.04,591,2.6,2.7,12:53p
2026-05-19 20:19:58,19/05/26,5:15p,16.4,5.8,17.0,12:00a,4:03p,2.3,26.1,49,46,87,3:07p,12:17a,5.7,1020.0,0,O,0,,0.0,43.7,2.18,28,0.0,2.7,12:53p
2026-05-19 22:48:28,19/05/26,7:45p,10.2,5.8,17.0,12:00a,4:03p,2.3,26.1,73,46,87,3:07p,12:17a,5.5,1021.5,0,ONO,0,,0.0,43.7,2.24,0,0.0,2.7,12:53p
2026-05-20 04:51:34,19/05/26,10:55p,8.5,5.8,17.0,12:00a,4:03p,2.3,26.1,82,46,87,3:07p,12:17a,5.6,1021.9,0,O,0,,0.0,43.7,2.29,0,0.0,2.7,12:53p
2026-05-20 10:04:10,20/05/26,7:00a,6.7,6.6,9.3,6:02a,1:41a,2.3,26.1,85,74,85,1:31a,12:00a,4.3,1024.4,0,OSO,0,,0.0,43.7,0.15,0,0.0,0.0,
2026-05-20 16:17:39,20/05/26,1:15p,13.8,6.6,13.9,6:02a,12:51p,2.3,26.1,67,65,87,1:13p,8:09a,7.8,1025.6,0,SO,0,,1.0,44.7,0.99,183,1.6,2.8,12:24p
2026-05-20 20:54:23,20/05/26,5:50p,12.8,6.6,14.5,6:02a,2:07p,2.3,26.1,68,62,87,2:10p,8:09a,7.0,1027.1,0,SO,0,,1.0,44.7,1.50,5,0.0,2.8,12:24p
2026-05-20 22:59:19,0,0,ERROR,ERROR,ERROR,ERROR,ERROR,ERROR,ERROR,ERROR,ERROR,ERROR,ERROR,ERROR,ERROR,ERROR,ERROR,S,ERROR,ERROR,ERROR,ERROR,ERROR,ERROR,ERROR,ERROR,ERROR
2026-05-21 04:59:47,20/05/26,10:55p,11.6,6.6,14.5,6:02a,2:07p,2.3,26.1,66,62,87,2:10p,8:09a,5.4,1029.0,0,S,0,,1.0,44.7,1.70,0,0.0,2.8,12:24p
2026-05-21 10:26:01,21/05/26,7:20a,6.1,6.0,11.2,7:20a,12:00a,2.3,26.1,79,64,80,1:32a,7:20a,2.7,1030.7,0,SSO,0,,0.0,44.7,0.23,0,0.0,0.0,
2026-05-21 16:02:19,21/05/26,1:00p,10.7,5.4,11.2,7:49a,12:00a,2.3,26.1,59,57,83,12:22p,7:50a,3.0,1031.1,0,SSO,0,,0.0,44.7,1.02,213,1.8,2.8,12:17p
2026-05-21 20:26:06,21/05/26,5:20p,9.6,5.4,11.6,7:49a,2:00p,2.3,26.1,68,55,83,1:35p,7:50a,3.9,1029.6,0,ENE,0,,0.0,44.7,1.93,30,0.0,2.8,12:17p
2026-05-21 22:52:00,21/05/26,7:50p,6.2,5.4,11.6,7:49a,2:00p,2.3,26.1,82,55,83,1:35p,7:50a,3.3,1030.6,0,E,0,,0.0,44.7,1.96,0,0.0,2.8,12:17p
2026-05-22 04:48:32,21/05/26,10:55p,4.5,4.3,11.6,10:31p,2:00p,2.3,26.1,91,55,91,1:35p,9:42p,3.2,1031.0,0,S,0,,0.0,44.7,1.96,0,0.0,2.8,12:17p
2026-05-22 10:01:06,22/05/26,6:55a,7.8,6.6,8.9,12:00a,3:11a,2.3,26.1,84,77,87,3:01a,12:00a,5.2,1030.5,0,NO,0,,0.0,44.7,0.10,0,0.0,0.0,
2026-05-22 15:40:40,22/05/26,12:35p,11.0,6.6,11.1,12:00a,12:15p,2.3,26.1,72,70,87,10:44a,12:00a,6.1,1030.4,0,ESE,0,,0.0,44.7,0.28,223,1.3,1.5,12:06p
2026-05-22 17:28:26,22/05/26,2:25p,11.1,6.6,11.6,12:00a,1:33p,2.3,26.1,74,70,87,10:44a,12:00a,6.6,1029.4,0,E,0,,0.0,44.7,0.56,123,0.7,2.7,12:54p
2026-05-22 20:24:43,22/05/26,5:20p,10.9,6.6,11.6,12:00a,1:33p,2.3,26.1,73,70,87,10:44a,12:00a,6.2,1029.1,0,E,0,,0.0,44.7,0.74,18,0.0,2.7,12:54p
2026-05-22 22:41:40,0,0,ERROR,ERROR,ERROR,ERROR,ERROR,ERROR,ERROR,ERROR,ERROR,ERROR,ERROR,ERROR,ERROR,ERROR,ERROR,S,ERROR,ERROR,ERROR,ERROR,ERROR,ERROR,ERROR,ERROR,ERROR
2026-05-23 04:29:06,22/05/26,10:55p,10.8,6.6,11.6,12:00a,1:33p,2.3,26.1,79,70,87,10:44a,12:00a,7.3,1029.2,0,ENE,0,,0.0,44.7,0.86,0,0.0,2.7,12:54p
2026-05-23 08:53:18,22/05/26,10:55p,10.8,6.6,11.6,12:00a,1:33p,2.3,26.1,79,70,87,10:44a,12:00a,7.3,1029.2,0,ENE,0,,0.0,44.7,0.86,0,0.0,2.7,12:54p
2026-05-23 11:00:46,23/05/26,7:55a,9.9,9.1,11.2,7:19a,12:52a,2.3,26.1,80,74,83,12:37a,1:47a,6.6,1028.2,0,ENE,0,,0.0,44.7,0.18,11,0.0,0.0,
2026-05-23 14:14:40,23/05/26,11:10a,12.3,9.1,12.7,7:19a,11:01a,2.3,26.1,72,71,83,11:06a,1:47a,7.4,1028.5,0,E,0,,0.0,44.7,0.61,234,2.1,2.1,11:07a
2026-05-23 16:40:31,23/05/26,1:35p,13.3,9.1,13.3,7:19a,12:20p,2.3,26.1,73,68,83,12:23p,1:47a,8.5,1026.5,0,ENE,0,,0.0,44.7,1.22,580,2.6,2.7,12:26p
2026-05-23 19:49:23,23/05/26,4:45p,12.9,9.1,13.4,7:19a,1:59p,2.3,26.1,65,59,83,4:01p,1:47a,6.5,1024.9,0,E,0,,0.0,44.7,2.06,167,0.5,2.7,12:26p
2026-05-23 22:37:14,23/05/26,7:35p,11.3,9.1,13.4,7:19a,1:59p,2.3,26.1,78,59,83,4:01p,1:47a,7.6,1025.5,0,E,0,,0.0,44.7,2.29,0,0.0,2.7,12:26p
2026-05-24 04:51:33,23/05/26,10:55p,11.6,9.1,13.4,7:19a,1:59p,2.3,26.1,84,59,84,4:01p,9:58p,8.9,1025.3,0,E,0,,0.0,44.7,2.36,0,0.0,2.7,12:26p
2026-05-24 09:09:04,24/05/26,6:05a,12.1,10.4,12.1,2:35a,6:00a,2.3,26.1,89,83,92,12:00a,4:43a,10.3,1022.9,0,E,0,,0.0,44.7,0.13,0,0.0,0.0,
2026-05-24 11:02:35,24/05/26,8:00a,11.2,10.4,12.1,2:35a,6:00a,2.3,26.1,92,83,92,12:00a,4:43a,9.9,1023.8,0,ENE,0,,0.0,44.7,0.13,9,0.0,0.0,
2026-05-24 14:11:14,24/05/26,11:05a,12.3,10.4,12.3,2:35a,10:54a,2.3,26.1,90,83,92,12:00a,4:43a,10.7,1023.4,0,E,0,,0.0,44.7,0.28,146,0.8,0.9,10:49a
2026-05-24 16:42:20,24/05/26,1:40p,14.4,10.4,14.4,2:35a,1:40p,2.3,26.1,84,83,92,12:00a,4:43a,11.8,1021.8,0,NO,0,,0.0,44.7,0.46,244,1.3,1.4,1:24p
2026-05-24 19:50:02,24/05/26,4:45p,14.2,10.4,15.8,2:35a,2:42p,2.3,26.1,87,76,92,2:45p,4:43a,12.0,1020.4,0,ENE,0,,0.0,44.7,0.89,84,0.0,2.6,2:31p
2026-05-24 22:41:12,24/05/26,7:35p,13.7,10.4,15.8,2:35a,2:42p,2.3,26.1,88,76,92,2:45p,4:43a,11.8,1020.9,0,ENE,0,,0.0,44.7,0.99,0,0.0,2.6,2:31p
2026-05-25 05:10:47,24/05/26,10:55p,13.6,10.4,15.8,2:35a,2:42p,2.3,26.1,90,76,92,2:45p,4:43a,11.9,1021.2,0,E,0,,0.0,44.7,1.02,0,0.0,2.6,2:31p
2026-05-25 10:59:34,25/05/26,7:55a,8.7,8.1,13.2,6:59a,12:00a,2.3,26.1,95,89,95,12:17a,4:48a,8.0,1021.6,0,ENE,0,,0.0,44.7,0.00,7,0.0,0.0,
2026-05-25 15:41:38,25/05/26,12:40p,15.6,8.1,15.8,6:59a,12:18p,2.3,26.1,83,81,96,12:24p,8:51a,12.7,1021.0,0,E,0,,0.0,44.7,0.30,332,2.0,2.7,12:14p
2026-05-25 17:23:53,25/05/26,2:20p,16.2,8.1,16.2,6:59a,2:07p,2.3,26.1,78,77,96,2:18p,8:51a,12.3,1020.1,0,SE,0,,0.0,44.7,0.66,469,2.1,2.9,2:01p
2026-05-25 20:14:31,25/05/26,5:12p,15.2,8.1,16.2,6:59a,2:23p,2.3,26.1,79,74,96,2:57p,8:51a,11.6,1020.7,0,ENE,0,,0.0,44.7,1.04,62,0.0,2.9,2:01p
2026-05-25 22:41:39,0,0,ERROR,ERROR,ERROR,ERROR,ERROR,ERROR,ERROR,ERROR,ERROR,ERROR,ERROR,ERROR,ERROR,ERROR,ERROR,S,ERROR,ERROR,ERROR,ERROR,ERROR,ERROR,ERROR,ERROR,ERROR
2026-05-26 04:49:31,25/05/26,10:55p,8.9,8.1,16.2,6:59a,2:23p,2.3,26.1,94,74,96,2:57p,8:51a,8.0,1022.9,0,SSO,0,,0.0,44.7,1.07,0,0.0,2.9,2:01p
2026-05-26 10:37:34,26/05/26,7:35a,8.1,8.1,11.0,7:31a,12:34a,2.3,26.1,95,94,100,1:09a,5:09a,7.3,1024.0,0,OSO,0,,0.3,45.0,0.00,0,0.0,0.0,
2026-05-26 16:34:38,26/05/26,1:30p,13.7,7.7,14.4,8:19a,12:31p,2.3,26.1,84,81,100,10:39a,5:09a,11.0,1023.7,0,ENE,0,,0.5,45.2,0.81,522,2.3,2.5,12:33p
2026-05-26 20:36:50,26/05/26,5:35p,10.9,7.7,14.4,8:19a,12:31p,2.3,26.1,92,81,100,10:39a,5:09a,9.6,1023.6,0,E,0,,0.5,45.2,1.60,11,0.0,2.5,12:33p
2026-05-26 22:53:26,26/05/26,7:50p,10.8,7.7,14.4,8:19a,12:31p,2.3,26.1,92,81,100,10:39a,5:09a,9.6,1023.8,0,E,0,,0.5,45.2,1.63,0,0.0,2.5,12:33p
2026-05-27 05:04:10,26/05/26,10:55p,11.0,7.7,14.4,8:19a,12:31p,2.3,26.1,88,81,100,10:39a,5:09a,9.1,1025.0,0,E,0,,0.5,45.2,1.70,0,0.0,2.5,12:33p
2026-05-27 10:41:56,27/05/26,7:40a,10.8,10.7,11.3,2:46a,5:00a,2.3,26.1,94,89,94,12:00a,2:08a,9.9,1024.3,0,NE,0,,0.0,45.2,0.00,0,0.0,0.0,
2026-05-27 16:27:59,27/05/26,1:25p,13.0,10.7,13.1,2:46a,12:51p,2.3,26.1,91,89,94,12:00a,2:08a,11.6,1023.9,0,ENE,0,,0.0,45.2,0.20,121,0.8,0.9,12:45p
2026-05-27 20:54:07,27/05/26,5:50p,13.1,10.7,13.3,2:46a,4:30p,2.3,26.1,91,89,94,12:00a,2:08a,11.6,1022.7,0,E,0,,0.0,45.2,0.41,0,0.0,0.9,12:45p
2026-05-27 23:03:54,27/05/26,8:00p,13.4,10.7,13.4,2:46a,7:57p,2.3,26.1,93,89,94,12:00a,2:08a,12.3,1022.5,0,E,0,,0.0,45.2,0.43,0,0.0,0.9,12:45p
2026-05-28 04:59:35,27/05/26,10:55p,13.2,10.7,14.1,2:46a,8:45p,2.3,26.1,90,87,94,9:03p,2:08a,11.6,1023.0,0,E,0,,0.0,45.2,0.48,0,0.0,0.9,12:45p
2026-05-28 10:41:50,28/05/26,7:40a,12.3,10.1,13.6,4:19a,12:53a,2.3,26.1,91,87,95,1:08a,4:52a,10.9,1022.4,0,ENE,0,,0.0,45.2,0.08,0,0.0,0.0,
2026-05-28 16:43:03,28/05/26,1:40p,13.7,10.1,14.0,4:19a,10:27a,2.3,26.1,88,87,95,1:08a,4:52a,11.7,1021.5,0,E,0,,0.0,45.2,0.51,199,1.2,1.7,10:48a
2026-05-28 20:58:52,28/05/26,5:55p,13.7,10.1,14.0,4:19a,10:27a,2.3,26.1,89,87,95,1:08a,4:52a,11.9,1022.0,0,E,0,,0.0,45.2,0.89,0,0.0,2.1,2:20p
2026-05-28 23:01:55,28/05/26,8:00p,13.4,10.1,14.0,4:19a,10:27a,2.3,26.1,87,86,95,7:10p,4:52a,11.3,1022.8,0,E,0,,0.0,45.2,0.97,0,0.0,2.1,2:20p
2026-05-29 05:00:22,28/05/26,10:55p,13.1,10.1,14.0,4:19a,10:27a,2.3,26.1,86,86,95,7:10p,4:52a,10.8,1023.5,0,ENE,0,,0.0,45.2,1.02,0,0.0,2.1,2:20p
2026-05-29 10:34:43,29/05/26,7:30a,13.1,12.9,13.4,5:00a,12:05a,2.3,26.1,85,83,87,1:46a,12:50a,10.6,1024.0,0,ESE,0,,0.0,45.2,0.18,0,0.0,0.0,
2026-05-29 16:29:42,29/05/26,1:25p,13.8,12.9,13.8,5:00a,11:52a,2.3,26.1,79,79,87,1:13p,12:50a,10.2,1024.0,0,E,0,,0.0,45.2,0.63,202,1.2,1.3,11:41a
2026-05-29 21:01:18,29/05/26,5:55p,12.4,12.4,13.8,5:49p,11:52a,2.3,26.1,81,78,87,1:49p,12:50a,9.2,1023.2,0,SSE,0,,0.0,45.2,1.07,0,0.0,1.3,11:41a
2026-05-29 22:59:15,29/05/26,7:55p,10.1,10.1,13.8,7:54p,11:52a,2.3,26.1,87,78,87,1:49p,12:50a,8.0,1024.5,0,SE,0,,0.0,45.2,1.09,0,0.0,1.3,11:41a
2026-05-30 04:39:31,29/05/26,10:55p,11.3,8.8,13.8,10:13p,11:52a,2.3,26.1,87,78,94,1:49p,10:28p,9.2,1024.8,0,ESE,0,,0.0,45.2,1.09,0,0.0,1.3,11:41a
2026-05-30 09:04:07,30/05/26,6:00a,8.9,8.9,10.7,5:59a,4:18a,2.3,26.1,91,87,95,12:00a,1:47a,7.6,1024.2,0,SO,0,,0.0,45.2,0.00,0,0.0,0.0,
2026-05-30 11:05:18,30/05/26,8:00a,7.9,7.4,10.7,7:48a,4:18a,2.3,26.1,95,87,95,12:00a,1:47a,7.2,1025.3,0,SO,0,,0.0,45.2,0.00,7,0.0,0.0,
2026-05-30 14:17:57,30/05/26,11:15a,13.8,7.4,13.8,7:48a,10:59a,2.3,26.1,72,72,95,11:10a,1:47a,8.8,1025.4,0,S,0,,0.0,45.2,0.23,483,1.7,1.7,11:12a
2026-05-30 16:42:56,30/05/26,1:40p,15.0,7.4,15.4,7:48a,12:49p,2.3,26.1,72,66,95,12:36p,1:47a,10.0,1022.8,0,ENE,0,,0.0,45.2,0.79,524,2.1,2.3,12:18p
2026-05-30 19:53:40,30/05/26,4:50p,13.8,7.4,15.4,7:48a,12:49p,2.3,26.1,80,66,95,12:36p,1:47a,10.4,1022.0,0,ENE,0,,0.0,45.2,1.55,114,0.0,2.3,12:18p
2026-05-30 22:38:17,30/05/26,7:35p,9.7,7.4,15.4,7:48a,12:49p,2.3,26.1,90,66,95,12:36p,1:47a,8.1,1022.8,0,ENE,0,,0.0,45.2,1.68,0,0.0,2.3,12:18p
2026-05-31 05:08:41,30/05/26,10:55p,7.4,7.4,15.4,7:48a,12:49p,2.3,26.1,94,66,95,12:36p,1:47a,6.5,1023.4,0,ENE,0,,0.0,45.2,1.68,0,0.0,2.3,12:18p
2026-05-31 09:37:21,0,0,ERROR,ERROR,ERROR,ERROR,ERROR,ERROR,ERROR,ERROR,ERROR,ERROR,ERROR,ERROR,ERROR,ERROR,ERROR,S,ERROR,ERROR,ERROR,ERROR,ERROR,ERROR,ERROR,ERROR,ERROR
2026-05-31 11:20:11,31/05/26,8:15a,4.8,4.8,7.6,8:10a,12:07a,2.3,26.1,95,94,100,12:00a,6:11a,4.1,1023.4,0,ENE,0,,0.3,45.5,0.00,26,0.0,0.0,
2026-05-31 14:21:58,31/05/26,11:20a,14.4,4.8,14.4,8:10a,11:19a,2.3,26.1,74,74,100,11:19a,6:11a,9.9,1023.1,0,NNO,0,,0.3,45.5,0.28,457,1.8,1.8,11:14a
2026-05-31 16:45:47,31/05/26,1:40p,16.6,4.8,16.9,8:10a,12:29p,2.3,26.1,71,64,100,12:36p,6:11a,11.3,1021.8,0,E,0,,0.3,45.5,0.79,325,1.8,2.6,12:44p
2026-05-31 19:53:46,31/05/26,4:50p,15.2,4.8,16.9,8:10a,12:29p,2.3,26.1,77,64,100,12:36p,6:11a,11.2,1020.9,0,NE,0,,0.3,45.5,1.37,77,0.0,2.6,12:44p
2026-05-31 22:40:12,0,0,ERROR,ERROR,ERROR,ERROR,ERROR,ERROR,ERROR,ERROR,ERROR,ERROR,ERROR,ERROR,ERROR,ERROR,ERROR,S,ERROR,ERROR,ERROR,ERROR,ERROR,ERROR,ERROR,ERROR,ERROR
2026-06-01 05:30:18,31/05/26,10:55p,9.8,4.8,16.9,8:10a,12:29p,2.3,26.1,94,64,100,12:36p,6:11a,8.9,1023.6,0,ENE,0,,0.3,45.5,1.47,0,0.0,2.6,12:44p
2026-06-01 12:21:22,01/06/26,9:15a,13.3,8.6,13.3,1:01a,9:14a,8.6,13.3,84,84,95,9:12a,1:20a,10.6,1026.1,0,E,0,,0.0,0.0,0.03,69,0.0,0.0,
2026-06-01 18:28:18,0,0,ERROR,ERROR,ERROR,ERROR,ERROR,ERROR,ERROR,ERROR,ERROR,ERROR,ERROR,ERROR,ERROR,ERROR,ERROR,S,ERROR,ERROR,ERROR,ERROR,ERROR,ERROR,ERROR,ERROR,ERROR
2026-06-01 21:53:51,01/06/26,6:50p,12.3,8.6,13.8,1:01a,11:39a,8.6,13.8,88,84,95,9:12a,1:20a,10.4,1026.1,0,E,0,,0.0,0.0,0.51,0,0.0,0.9,3:09p
2026-06-02 05:16:04,01/06/26,10:55p,11.8,8.6,13.8,1:01a,11:39a,8.6,13.8,85,84,95,9:12a,1:20a,9.4,1027.3,0,E,0,,0.0,0.0,0.61,0,0.0,0.9,3:09p
2026-06-02 11:08:23,02/06/26,8:05a,10.2,9.8,12.1,6:02a,12:08a,8.6,13.8,92,84,95,12:17a,5:44a,9.0,1027.9,0,ENE,0,,0.0,0.0,0.13,16,0.0,0.0,
2026-06-02 17:07:30,02/06/26,2:05p,14.7,9.8,15.1,6:02a,1:51p,8.6,15.1,77,75,95,1:55p,5:44a,10.7,1026.7,0,ENE,0,,0.0,0.0,0.94,279,1.6,2.3,1:17p
2026-06-02 21:36:32,02/06/26,6:35p,13.7,9.8,15.2,6:02a,2:44p,8.6,15.2,88,75,95,1:55p,5:44a,11.7,1026.1,0,ESE,0,,0.0,0.0,1.32,0,0.0,2.3,1:17p
2026-06-02 23:21:22,02/06/26,8:15p,14.3,9.8,15.2,6:02a,2:44p,8.6,15.2,88,75,95,1:55p,5:44a,12.3,1027.1,0,NNE,0,,0.0,0.0,1.37,0,0.0,2.3,1:17p
2026-06-03 05:32:02,02/06/26,10:55p,13.4,9.8,15.2,6:02a,2:44p,8.6,15.2,92,75,95,1:55p,5:44a,12.2,1026.9,0,ENE,0,,0.0,0.0,1.40,0,0.0,2.3,1:17p
2026-06-03 11:31:40,03/06/26,8:30a,13.6,13.2,13.9,4:11a,2:20a,8.6,15.2,88,86,93,4:32a,12:00a,11.7,1026.0,0,ENE,0,,0.0,0.0,0.13,81,0.0,0.0,
2026-06-03 17:34:21,03/06/26,2:31p,16.0,13.2,16.5,4:11a,1:23p,8.6,16.5,83,81,93,1:26p,12:00a,13.1,1024.5,0,E,0,,0.0,0.0,1.14,244,1.3,2.8,1:16p
2026-06-03 21:38:39,03/06/26,6:35p,14.6,13.2,16.6,4:11a,3:32p,8.6,16.6,91,79,93,3:33p,12:00a,13.1,1025.4,0,ESE,0,,0.0,0.0,1.57,0,0.0,2.8,1:16p
2026-06-03 23:22:54,0,0,ERROR,ERROR,ERROR,ERROR,ERROR,ERROR,ERROR,ERROR,ERROR,ERROR,ERROR,ERROR,ERROR,ERROR,ERROR,S,ERROR,ERROR,ERROR,ERROR,ERROR,ERROR,ERROR,ERROR,ERROR
2026-06-04 05:27:28,03/06/26,10:55p,14.4,13.2,16.6,4:11a,3:32p,8.6,16.6,91,79,93,3:33p,12:00a,13.0,1025.8,0,E,0,,0.0,0.0,1.65,0,0.0,2.8,1:16p
2026-06-04 10:28:32,04/06/26,7:25a,14.6,13.4,14.7,12:00a,5:03a,8.6,16.6,91,89,92,5:07a,12:00a,13.1,1025.9,0,SO,0,,0.0,0.0,0.05,0,0.0,0.0,
2026-06-04 16:05:01,04/06/26,1:00p,14.8,13.4,14.9,12:00a,11:42a,8.6,16.6,91,89,93,5:07a,8:53a,13.4,1025.0,0,E,0,,0.0,0.0,0.41,190,1.1,1.2,11:20a
2026-06-04 20:52:33,04/06/26,5:50p,14.8,13.4,15.8,12:00a,1:46p,8.6,16.6,94,88,95,1:49p,4:58p,13.9,1023.5,0,ESE,0,,0.0,0.0,0.76,0,0.0,1.9,1:31p
2026-06-04 22:56:00,0,0,ERROR,ERROR,ERROR,ERROR,ERROR,ERROR,ERROR,ERROR,ERROR,ERROR,ERROR,ERROR,ERROR,ERROR,ERROR,S,ERROR,ERROR,ERROR,ERROR,ERROR,ERROR,ERROR,ERROR,ERROR
2026-06-05 05:03:38,04/06/26,10:55p,15.1,13.4,15.8,12:00a,1:46p,8.6,16.6,92,88,95,1:49p,4:58p,13.8,1023.2,0,E,0,,0.0,0.0,0.76,0,0.0,1.9,1:31p
2026-06-05 10:36:38,05/06/26,7:35a,14.0,13.2,15.0,4:53a,12:04a,8.6,16.6,94,92,94,12:00a,1:50a,13.0,1022.2,0,E,0,,0.3,0.3,0.00,0,0.0,0.0,
2026-06-05 15:39:40,05/06/26,12:35p,16.7,13.2,16.7,4:53a,12:35p,8.6,16.7,90,90,95,12:29p,7:53a,15.0,1022.3,0,SSE,0,,0.5,0.5,0.20,199,1.2,1.9,12:23p
2026-06-05 17:31:51,05/06/26,2:30p,17.6,13.2,18.1,4:53a,2:13p,8.6,18.1,86,85,95,2:15p,7:53a,15.2,1019.4,0,E,0,,0.5,0.5,0.51,360,1.8,2.0,1:40p
2026-06-05 20:32:43,05/06/26,5:30p,15.1,13.2,18.3,4:53a,2:59p,8.6,18.3,91,85,95,2:15p,7:53a,13.7,1019.4,0,ENE,0,,0.5,0.5,0.94,11,0.0,2.0,1:40p
2026-06-05 22:47:13,05/06/26,7:45p,14.2,13.2,18.3,4:53a,2:59p,8.6,18.3,92,85,95,2:15p,7:53a,12.9,1019.9,0,E,0,,0.5,0.5,0.94,0,0.0,2.0,1:40p
2026-06-06 04:41:41,0,0,ERROR,ERROR,ERROR,ERROR,ERROR,ERROR,ERROR,ERROR,ERROR,ERROR,ERROR,ERROR,ERROR,ERROR,ERROR,S,ERROR,ERROR,ERROR,ERROR,ERROR,ERROR,ERROR,ERROR,ERROR
2026-06-06 09:12:37,06/06/26,6:10a,13.9,13.7,14.4,12:58a,1:26a,8.6,18.3,95,93,95,12:00a,3:08a,13.1,1018.0,0,SE,0,,0.0,0.5,0.00,0,0.0,0.0,
2026-06-06 11:11:03,06/06/26,8:05a,13.2,13.2,14.4,8:05a,1:26a,8.6,18.3,95,93,95,12:00a,3:08a,12.4,1018.8,0,OSO,0,,0.0,0.5,0.00,7,0.0,0.0,
2026-06-06 14:20:19,06/06/26,11:15a,13.4,13.1,14.4,8:21a,1:26a,8.6,18.3,95,93,96,12:00a,8:47a,12.7,1019.4,0,SO,0,,0.0,0.5,0.13,102,0.5,0.6,11:02a
2026-06-06 16:45:49,06/06/26,1:40p,15.4,13.1,15.4,8:21a,1:39p,8.6,18.3,91,91,96,1:31p,8:47a,14.0,1017.9,0,SSO,0,,0.0,0.5,0.30,111,0.7,1.1,12:34p
2026-06-06 19:58:54,06/06/26,4:55p,16.0,13.1,17.1,8:21a,3:38p,8.6,18.3,90,86,96,3:31p,8:47a,14.4,1017.4,0,E,0,,0.0,0.5,0.56,28,0.0,1.3,2:23p
2026-06-06 22:43:49,06/06/26,7:40p,15.9,13.1,17.1,8:21a,3:38p,8.6,18.3,91,86,96,3:31p,8:47a,14.5,1018.3,0,SSO,0,,0.0,0.5,0.58,0,0.0,1.3,2:23p
2026-06-07 05:12:22,0,0,ERROR,ERROR,ERROR,ERROR,ERROR,ERROR,ERROR,ERROR,ERROR,ERROR,ERROR,ERROR,ERROR,ERROR,ERROR,S,ERROR,ERROR,ERROR,ERROR,ERROR,ERROR,ERROR,ERROR,ERROR
2026-06-07 09:50:08,07/06/26,6:45a,14.3,14.2,15.4,5:13a,12:00a,8.6,18.3,93,93,95,6:15a,2:35a,13.2,1018.5,0,SE,0,,0.3,0.8,0.00,0,0.0,0.0,
2026-06-07 14:32:07,07/06/26,11:30a,14.3,14.0,15.4,9:44a,12:00a,8.6,18.3,91,90,95,10:40a,2:35a,12.9,1020.8,0,SSE,0,,0.3,0.8,0.10,54,0.0,0.9,10:37a
2026-06-07 16:57:24,07/06/26,1:55p,14.6,14.0,15.4,9:44a,12:00a,8.6,18.3,93,90,95,10:40a,2:35a,13.5,1019.6,0,ESE,0,,0.3,0.8,0.18,69,0.0,1.3,1:48p
2026-06-07 20:00:40,07/06/26,4:55p,14.2,14.0,15.4,9:44a,12:00a,8.6,18.3,93,90,95,10:40a,2:35a,13.1,1019.7,0,E,0,,0.3,0.8,0.36,0,0.0,1.3,1:48p
2026-06-07 22:45:50,07/06/26,7:40p,13.8,13.8,15.4,7:22p,12:00a,8.6,18.3,93,90,95,10:40a,2:35a,12.7,1020.9,0,ESE,0,,3.3,3.8,0.38,0,0.0,1.3,1:48p
2026-06-08 05:18:42,07/06/26,10:55p,13.6,13.4,15.4,10:07p,12:00a,8.6,18.3,93,90,95,10:40a,2:35a,12.5,1021.1,0,ESE,0,,11.2,11.7,0.38,0,0.0,1.3,1:48p
2026-06-08 11:30:03,08/06/26,8:25a,12.3,12.3,13.9,8:16a,12:04a,8.6,18.3,94,92,94,12:00a,1:30a,11.3,1021.1,0,SSE,0,,51.8,64.3,0.18,0,0.0,0.0,
2026-06-08 16:39:21,08/06/26,1:35p,13.5,12.1,13.9,8:59a,12:04a,8.6,18.3,92,91,94,12:42p,1:30a,12.2,1020.6,0,SE,0,,66.5,79.0,0.33,100,0.7,1.1,12:53p
2026-06-08 21:06:48,08/06/26,6:05p,13.1,12.1,13.9,8:59a,12:04a,8.6,18.3,89,89,94,4:31p,1:30a,11.3,1020.5,0,SE,0,,67.1,79.5,0.58,0,0.0,1.1,12:53p
2026-06-08 23:03:12,08/06/26,8:00p,12.8,12.1,13.9,8:59a,12:04a,8.6,18.3,87,87,94,6:36p,1:30a,10.7,1021.4,0,SSE,0,,67.1,79.5,0.61,0,0.0,1.1,12:53p
2026-06-09 04:51:30,08/06/26,10:55p,11.7,11.7,13.9,10:54p,12:04a,8.6,18.3,85,84,94,10:52p,1:30a,9.2,1022.0,0,ESE,0,,67.1,79.5,0.66,0,0.0,1.1,12:53p
2026-06-09 10:24:05,09/06/26,7:20a,8.7,6.8,10.8,4:59a,12:00a,6.8,18.3,95,86,95,12:00a,3:24a,7.9,1020.9,0,OSO,0,,0.0,79.5,0.00,0,0.0,0.0,
2026-06-09 15:44:28,09/06/26,12:40p,13.7,6.8,13.7,4:59a,12:39p,6.8,18.3,81,80,95,12:34p,3:24a,10.5,1020.5,0,E,0,,0.0,79.5,0.18,316,1.9,2.5,12:31p
2026-06-09 17:47:14,09/06/26,2:45p,12.9,6.8,13.9,4:59a,12:49p,6.8,18.3,85,80,95,12:34p,3:24a,10.5,1019.4,0,E,0,,0.0,79.5,0.43,83,0.0,2.5,12:31p
2026-06-09 20:35:24,09/06/26,5:30p,12.8,6.8,13.9,4:59a,12:49p,6.8,18.3,84,80,95,12:34p,3:24a,10.2,1018.0,0,E,0,,0.0,79.5,0.56,18,0.0,2.5,12:31p
2026-06-09 23:04:09,09/06/26,8:00p,13.1,6.8,13.9,4:59a,12:49p,6.8,18.3,85,80,95,12:34p,3:24a,10.6,1017.6,0,ENE,0,,0.0,79.5,0.63,0,0.0,2.5,12:31p
2026-06-10 05:06:09,09/06/26,10:55p,11.4,6.8,13.9,4:59a,12:49p,6.8,18.3,90,80,95,12:34p,3:24a,9.8,1018.5,0,NE,0,,0.0,79.5,0.66,0,0.0,2.5,12:31p
2026-06-10 10:43:59,10/06/26,7:40a,11.1,9.2,11.1,3:23a,7:34a,6.8,18.3,92,91,95,12:00a,3:49a,9.8,1016.8,0,ENE,0,,0.0,79.5,0.00,0,0.0,0.0,
2026-06-10 16:25:46,10/06/26,1:20p,15.0,9.2,15.1,3:23a,1:15p,6.8,18.3,79,78,95,12:50p,3:49a,11.4,1015.7,0,NNE,0,,0.3,79.8,0.43,109,0.7,1.8,12:31p
2026-06-10 21:14:20,10/06/26,6:10p,13.9,9.2,15.1,3:23a,1:15p,6.8,18.3,79,76,95,3:15p,3:49a,10.3,1015.3,0,NE,0,,0.3,79.8,0.66,0,0.0,1.8,12:31p
2026-06-10 23:14:47,10/06/26,8:10p,13.1,9.2,15.1,3:23a,1:15p,6.8,18.3,87,76,95,3:15p,3:49a,10.9,1016.3,0,ESE,0,,0.3,79.8,0.66,0,0.0,1.8,12:31p
2026-06-11 05:14:43,10/06/26,10:55p,12.2,9.2,15.1,3:23a,1:15p,6.8,18.3,91,76,95,3:15p,3:49a,10.8,1017.2,0,ESE,0,,0.3,79.8,0.66,0,0.0,1.8,12:31p
2026-06-11 11:14:57,11/06/26,8:10a,9.2,9.2,12.3,8:09a,2:49a,6.8,18.3,94,91,95,3:08a,7:01a,8.3,1019.6,0,OSO,0,,0.0,79.8,0.00,9,0.0,0.0,
2026-06-11 16:40:32,11/06/26,1:35p,16.3,8.6,16.3,8:23a,1:26p,6.8,18.3,75,75,95,12:50p,7:01a,11.8,1017.7,0,OSO,0,,0.0,79.8,0.76,513,2.0,2.1,11:51a
2026-06-11 21:09:03,11/06/26,6:05p,13.5,8.6,17.7,8:23a,4:45p,6.8,18.3,88,65,95,4:33p,7:01a,11.6,1017.0,0,ENE,0,,0.0,79.8,1.63,0,0.0,2.1,11:51a
2026-06-11 23:10:54,11/06/26,8:05p,11.2,8.6,17.7,8:23a,4:45p,6.8,18.3,94,65,95,4:33p,7:01a,10.3,1017.4,0,ENE,0,,0.0,79.8,1.63,0,0.0,2.1,11:51a
2026-06-12 05:20:20,11/06/26,10:55p,8.8,8.6,17.7,8:23a,4:45p,6.8,18.3,94,65,95,4:33p,7:01a,7.9,1017.7,0,ENE,0,,0.0,79.8,1.63,0,0.0,2.1,11:51a
2026-06-12 10:52:27,12/06/26,7:50a,6.0,5.4,8.9,7:23a,12:38a,5.4,18.3,95,95,96,12:00a,6:44a,5.3,1016.6,0,ENE,0,,0.0,80.0,0.00,0,0.0,0.0,
2026-06-12 15:54:28,12/06/26,12:50p,15.1,5.4,15.1,7:23a,12:50p,5.4,18.3,80,78,96,12:43p,6:44a,11.6,1014.8,0,ENE,0,,0.0,80.0,0.43,547,2.3,2.3,12:46p
2026-06-12 20:55:32,0,0,ERROR,ERROR,ERROR,ERROR,ERROR,ERROR,ERROR,ERROR,ERROR,ERROR,ERROR,ERROR,ERROR,ERROR,ERROR,S,ERROR,ERROR,ERROR,ERROR,ERROR,ERROR,ERROR,ERROR,ERROR
2026-06-12 23:03:14,0,0,ERROR,ERROR,ERROR,ERROR,ERROR,ERROR,ERROR,ERROR,ERROR,ERROR,ERROR,ERROR,ERROR,ERROR,ERROR,S,ERROR,ERROR,ERROR,ERROR,ERROR,ERROR,ERROR,ERROR,ERROR
2026-06-13 05:09:45,12/06/26,10:55p,10.8,5.4,16.4,7:23a,3:45p,5.4,18.3,91,64,96,3:43p,6:44a,9.4,1015.5,0,NE,0,,0.3,80.3,1.52,0,0.0,2.3,12:46p
2026-06-13 09:45:52,13/06/26,6:40a,9.1,9.0,11.4,5:57a,12:33a,5.4,18.3,94,89,94,12:30a,4:57a,8.2,1016.1,0,ONO,0,,0.0,80.3,0.00,0,0.0,0.0,
2026-06-13 14:53:08,13/06/26,11:50a,12.6,8.9,12.6,6:56a,11:48a,5.4,18.3,86,86,95,11:36a,6:50a,10.3,1018.3,0,OSO,0,,0.3,80.5,0.13,169,1.0,1.8,11:19a
2026-06-13 17:02:59,13/06/26,2:00p,15.1,8.9,15.4,6:56a,1:26p,5.4,18.3,77,75,95,1:31p,6:50a,11.1,1016.8,0,O,0,,0.3,80.5,0.66,206,1.0,2.4,12:43p
2026-06-13 20:06:56,13/06/26,5:05p,12.4,8.9,15.6,6:56a,2:39p,5.4,18.3,90,75,95,1:31p,6:50a,10.8,1016.9,0,SO,0,,1.0,81.3,0.81,0,0.0,2.4,12:43p
2026-06-13 22:45:41,13/06/26,7:40p,9.7,8.9,15.6,6:56a,2:39p,5.4,18.3,91,75,95,1:31p,6:50a,8.3,1019.0,0,SSO,0,,1.3,81.5,0.84,0,0.0,2.4,12:43p
2026-06-14 05:20:13,13/06/26,10:55p,7.8,7.8,15.6,10:28p,2:39p,5.4,18.3,91,75,95,1:31p,6:50a,6.5,1022.6,0,SO,0,,1.8,82.0,0.91,0,0.0,2.4,12:43p
2026-06-14 10:15:13,14/06/26,7:10a,3.5,3.4,7.5,7:07a,12:00a,3.4,18.3,87,82,92,4:40a,2:08a,1.5,1025.5,0,OSO,0,,0.0,82.8,0.15,0,0.0,0.0,
2026-06-14 14:58:40,14/06/26,11:55a,7.8,3.1,7.8,7:56a,11:53a,3.1,18.3,60,59,92,11:54a,2:08a,0.5,1026.2,0,SO,0,,0.0,82.8,0.43,534,1.9,1.9,11:42a
2026-06-14 17:01:53,14/06/26,2:00p,9.1,3.1,9.1,7:56a,1:58p,3.1,18.3,54,49,92,1:53p,2:08a,0.3,1024.1,0,SO,0,,0.0,82.8,1.22,520,1.9,2.1,12:26p
2026-06-14 20:09:48,14/06/26,5:05p,9.2,3.1,9.8,7:56a,3:42p,3.1,18.3,54,46,92,3:20p,2:08a,0.4,1023.2,0,OSO,0,,0.0,82.8,1.80,79,0.0,2.1,12:26p
2026-06-14 22:50:28,0,0,ERROR,ERROR,ERROR,ERROR,ERROR,ERROR,ERROR,ERROR,ERROR,ERROR,ERROR,ERROR,ERROR,ERROR,ERROR,S,ERROR,ERROR,ERROR,ERROR,ERROR,ERROR,ERROR,ERROR,ERROR
2026-06-15 06:08:19,0,0,ERROR,ERROR,ERROR,ERROR,ERROR,ERROR,ERROR,ERROR,ERROR,ERROR,ERROR,ERROR,ERROR,ERROR,ERROR,S,ERROR,ERROR,ERROR,ERROR,ERROR,ERROR,ERROR,ERROR,ERROR
2026-06-15 12:53:43,15/06/26,9:50a,6.1,1.0,6.1,6:33a,9:50a,1.0,18.3,73,73,93,9:45a,7:09a,1.6,1024.5,0,ONO,0,,0.3,83.1,0.03,271,0.8,0.8,9:45a
2026-06-15 19:32:58,15/06/26,4:30p,13.3,1.0,13.4,6:33a,4:20p,1.0,18.3,60,59,93,4:20p,7:09a,5.7,1019.8,0,NO,0,,0.3,83.1,1.52,195,0.5,2.1,12:30p
2026-06-15 23:23:37,15/06/26,8:20p,9.8,1.0,13.4,6:33a,4:20p,1.0,18.3,72,59,93,4:20p,7:09a,5.0,1020.0,0,NNO,0,,0.3,83.1,1.70,0,0.0,2.1,12:30p
2026-06-16 06:16:24,0,0,ERROR,ERROR,ERROR,ERROR,ERROR,ERROR,ERROR,ERROR,ERROR,ERROR,ERROR,ERROR,ERROR,ERROR,ERROR,S,ERROR,ERROR,ERROR,ERROR,ERROR,ERROR,ERROR,ERROR,ERROR
2026-06-16 11:56:36,16/06/26,8:55a,7.9,7.3,8.4,7:12a,12:00a,1.0,18.3,88,82,92,12:00a,7:34a,6.1,1017.6,0,NNO,0,,0.0,83.1,0.15,111,0.0,0.0,
2026-06-16 17:49:08,16/06/26,2:45p,17.6,7.3,17.6,7:12a,2:44p,1.0,18.3,62,61,92,2:35p,7:34a,10.2,1014.7,0,O,0,,0.0,83.1,1.30,448,1.7,2.2,12:16p
2026-06-16 21:35:21,16/06/26,6:30p,15.8,7.3,18.7,7:12a,4:13p,1.0,18.7,67,57,92,4:15p,7:34a,9.7,1016.1,0,ONO,0,,0.0,83.1,2.06,0,0.0,2.2,12:16p
2026-06-16 23:09:45,0,0,ERROR,ERROR,ERROR,ERROR,ERROR,ERROR,ERROR,ERROR,ERROR,ERROR,ERROR,ERROR,ERROR,ERROR,ERROR,S,ERROR,ERROR,ERROR,ERROR,ERROR,ERROR,ERROR,ERROR,ERROR
2026-06-17 05:31:08,16/06/26,10:55p,9.2,7.3,18.7,7:12a,4:13p,1.0,18.7,89,57,92,4:15p,7:34a,7.4,1020.1,0,ONO,0,,0.0,83.1,2.13,0,0.0,2.2,12:16p
2026-06-17 11:23:07,17/06/26,8:20a,8.9,7.6,12.2,6:40a,12:52a,1.0,18.7,86,59,87,2:06a,6:13a,6.7,1025.0,0,SE,0,,0.0,83.1,0.18,23,0.0,0.0,
2026-06-17 16:28:04,17/06/26,1:25p,12.6,7.6,13.0,6:40a,1:13p,1.0,18.7,80,59,88,2:06a,9:15a,9.2,1025.2,0,ESE,0,,0.0,83.1,0.86,209,1.5,2.5,12:41p
2026-06-17 20:55:56,17/06/26,5:50p,11.6,7.6,13.2,6:40a,1:49p,1.0,18.7,85,59,88,2:06a,9:15a,9.1,1023.7,0,ENE,0,,0.0,83.1,1.68,5,0.0,2.5,12:41p
2026-06-17 23:07:59,17/06/26,8:05p,11.4,7.6,13.2,6:40a,1:49p,1.0,18.7,85,59,88,2:06a,9:15a,9.0,1022.6,0,E,0,,0.0,83.1,1.75,0,0.0,2.5,12:41p
2026-06-18 05:23:42,17/06/26,10:55p,11.9,7.6,13.2,6:40a,1:49p,1.0,18.7,84,59,88,2:06a,9:15a,9.3,1021.3,0,ENE,0,,0.0,83.1,1.80,0,0.0,2.5,12:41p
2026-06-18 11:01:06,18/06/26,7:55a,9.9,9.8,11.8,6:08a,12:15a,1.0,18.7,85,80,86,2:04a,6:14a,7.5,1018.8,0,E,0,,0.0,83.1,0.18,0,0.0,0.0,
2026-06-18 16:15:32,18/06/26,1:10p,11.8,9.8,11.8,6:08a,1:09p,1.0,18.7,80,79,89,12:58p,8:57a,8.5,1016.0,0,NE,0,,0.0,83.1,0.51,144,0.8,1.0,12:11p
2026-06-18 21:13:25,18/06/26,6:10p,11.4,9.8,11.9,6:08a,2:00p,1.0,18.7,93,77,93,2:32p,5:49p,10.4,1013.8,0,NE,0,,13.2,96.3,0.66,0,0.0,1.0,12:11p
2026-06-18 23:23:57,18/06/26,8:20p,11.7,9.8,11.9,6:08a,2:00p,1.0,18.7,93,77,93,2:32p,5:49p,10.6,1013.1,0,ENE,0,,15.2,98.3,0.66,0,0.0,1.0,12:11p
2026-06-19 05:57:45,0,0,ERROR,ERROR,ERROR,ERROR,ERROR,ERROR,ERROR,ERROR,ERROR,ERROR,ERROR,ERROR,ERROR,ERROR,ERROR,S,ERROR,ERROR,ERROR,ERROR,ERROR,ERROR,ERROR,ERROR,ERROR
2026-06-19 11:07:28,19/06/26,8:05a,9.1,9.1,10.0,8:03a,6:40a,1.0,18.7,90,89,95,7:11a,4:36a,7.6,1016.4,0,OSO,0,,0.5,100.1,0.05,7,0.0,0.0,
2026-06-19 15:53:00,0,0,ERROR,ERROR,ERROR,ERROR,ERROR,ERROR,ERROR,ERROR,ERROR,ERROR,ERROR,ERROR,ERROR,ERROR,ERROR,S,ERROR,ERROR,ERROR,ERROR,ERROR,ERROR,ERROR,ERROR,ERROR
2026-06-19 20:21:10,19/06/26,5:15p,13.3,8.7,14.0,8:32a,3:46p,1.0,18.7,52,50,95,4:47p,4:36a,3.6,1017.9,0,SO,0,,0.8,100.3,2.13,19,0.0,2.2,12:30p
2026-06-19 22:37:26,19/06/26,7:35p,10.1,8.7,14.0,8:32a,3:46p,1.0,18.7,69,50,95,4:47p,4:36a,4.6,1019.8,0,O,0,,0.8,100.3,2.21,0,0.0,2.2,12:30p
2026-06-20 04:59:48,19/06/26,10:55p,5.5,5.5,14.0,10:54p,3:46p,1.0,18.7,90,50,95,4:47p,4:36a,4.0,1019.7,0,NE,0,,0.8,100.3,2.21,0,0.0,2.2,12:30p
2026-06-20 09:52:40,20/06/26,6:50a,5.8,4.1,5.8,3:25a,6:44a,1.0,18.7,88,88,97,6:47a,12:00a,3.9,1018.5,0,N,0,,0.0,100.3,0.00,0,0.0,0.0,
2026-06-20 14:56:03,20/06/26,11:50a,12.6,4.1,12.6,3:25a,11:43a,1.0,18.7,62,62,97,11:44a,12:00a,5.5,1017.9,0,NNO,0,,0.3,100.6,0.20,519,2.0,2.0,11:47a
2026-06-20 17:07:36,20/06/26,2:05p,14.8,4.1,14.8,3:25a,1:59p,1.0,18.7,57,56,97,2:00p,12:00a,6.3,1014.7,0,NO,0,,0.3,100.6,1.02,512,2.1,2.2,12:00p
2026-06-20 20:06:48,20/06/26,5:05p,13.9,4.1,15.3,3:25a,2:46p,1.0,18.7,60,55,97,2:43p,12:00a,6.2,1013.9,0,NNO,0,,0.3,100.6,1.52,47,0.0,2.2,12:00p
2026-06-20 22:49:01,20/06/26,7:45p,11.3,4.1,15.3,3:25a,2:46p,1.0,18.7,71,55,97,2:43p,12:00a,6.3,1014.3,0,NNE,0,,0.3,100.6,1.57,0,0.0,2.2,12:00p
2026-06-21 05:29:57,20/06/26,10:55p,10.7,4.1,15.3,3:25a,2:46p,1.0,18.7,78,55,97,2:43p,12:00a,7.0,1015.4,0,NNO,0,,0.3,100.6,1.65,0,0.0,2.2,12:00p
2026-06-21 10:21:30,21/06/26,7:15a,8.7,8.7,10.3,7:12a,12:00a,1.0,18.7,76,75,80,1:20a,12:29a,4.7,1014.7,0,ONO,0,,0.0,100.6,0.18,0,0.0,0.0,
2026-06-21 15:02:30,21/06/26,12:00p,12.3,8.2,12.3,8:28a,11:59a,1.0,18.7,69,68,83,11:34a,8:47a,6.8,1016.1,0,O,0,,0.0,100.6,0.48,378,1.4,1.8,11:53a
2026-06-21 17:10:51,21/06/26,2:05p,13.7,8.2,13.7,8:28a,1:56p,1.0,18.7,63,62,83,1:08p,8:47a,6.8,1014.7,0,NO,0,,0.0,100.6,0.86,246,1.2,2.2,12:29p
2026-06-21 20:16:30,21/06/26,5:10p,12.9,8.2,13.9,8:28a,2:50p,1.0,18.7,69,62,83,1:08p,8:47a,7.4,1014.7,0,NNO,0,,0.0,100.6,1.12,26,0.0,2.2,12:29p
2026-06-21 22:48:36,21/06/26,7:45p,9.4,8.2,13.9,8:28a,2:50p,1.0,18.7,86,62,86,1:08p,7:43p,7.2,1016.4,0,NE,0,,0.0,100.6,1.14,0,0.0,2.2,12:29p
2026-06-22 06:12:35,21/06/26,10:55p,7.7,7.4,13.9,9:52p,2:50p,1.0,18.7,92,62,93,1:08p,10:09p,6.4,1017.1,0,NNE,0,,0.0,100.6,1.14,0,0.0,2.2,12:29p
2026-06-22 12:37:40,22/06/26,9:35a,6.8,6.4,8.4,4:15a,12:00a,1.0,18.7,79,75,93,6:58a,3:56a,3.4,1017.9,0,O,0,,0.0,100.6,0.08,81,0.0,0.0,
2026-06-22 17:17:58,22/06/26,2:15p,11.1,6.4,11.2,4:15a,2:10p,1.0,18.7,69,67,93,12:31p,3:56a,5.6,1016.3,0,SSO,0,,0.0,100.6,0.79,476,1.7,2.1,1:08p
2026-06-22 21:25:01,22/06/26,6:20p,9.3,6.4,11.2,4:15a,3:12p,1.0,18.7,69,65,93,3:04p,3:56a,3.9,1016.7,0,OSO,0,,0.0,100.6,1.37,0,0.0,2.1,1:08p
2026-06-22 23:05:38,22/06/26,8:00p,9.2,6.4,11.2,4:15a,3:12p,1.0,18.7,71,65,93,3:04p,3:56a,4.2,1017.2,0,OSO,0,,0.0,100.6,1.40,0,0.0,2.1,1:08p
2026-06-23 04:45:55,22/06/26,10:10p,8.7,6.4,11.2,4:15a,3:12p,1.0,18.7,72,65,93,3:04p,3:56a,3.9,1017.9,0,OSO,0,,0.0,100.6,1.47,0,0.0,2.1,1:08p
2026-06-23 10:23:16,23/06/26,5:50a,1.1,1.1,18.9,,,1.1,18.9,46,46,97,,,0,0,0,S,0,,0.0,100.6,0.00,0,0.0,0.0,
2026-06-23 15:38:53,23/06/26,11:05a,1.1,1.1,18.9,,,1.1,18.9,46,46,97,,,0,0,0,S,0,,0.0,100.6,0.00,0,0.0,0.0,
2026-06-23 17:29:37,23/06/26,12:55p,1.1,1.1,18.9,,,1.1,18.9,46,46,97,,,0,0,0,S,0,,0.0,100.6,0.00,0,0.0,0.0,
2026-06-23 20:55:30,23/06/26,4:20p,1.1,1.1,18.9,,,1.1,18.9,46,46,97,,,0,0,0,S,0,,0.0,100.6,0.00,0,0.0,0.0,
2026-06-23 22:51:17,23/06/26,6:15p,1.1,1.1,18.9,,,1.1,18.9,46,46,97,,,0,0,0,S,0,,0.0,100.6,0.00,0,0.0,0.0,
2026-06-24 04:51:15,23/06/26,9:25p,1.1,1.1,18.9,,,1.1,18.9,46,46,97,,,0,0,0,S,0,,0.0,100.6,0.00,0,0.0,0.0,
2026-06-24 10:01:05,0,0,ERROR,ERROR,ERROR,ERROR,ERROR,ERROR,ERROR,ERROR,ERROR,ERROR,ERROR,ERROR,ERROR,ERROR,ERROR,S,ERROR,ERROR,ERROR,ERROR,ERROR,ERROR,ERROR,ERROR,ERROR
2026-06-24 15:23:37,24/06/26,10:50a,1.1,1.1,18.9,,,1.1,18.9,46,46,97,,,0,0,0,S,0,,0.0,100.6,0.00,0,0.0,0.0,
2026-06-24 17:31:42,24/06/26,1:00p,1.1,1.1,18.9,,,1.1,18.9,46,46,97,,,0,0,0,S,0,,0.0,100.6,0.00,0,0.0,0.0,
2026-06-24 20:22:54,22/06/26,5:21p,1.1,1.1,18.9,,,1.1,18.9,46,46,97,,,0,0,0,S,0,,0.0,100.6,0.00,0,0.0,0.0,
2026-06-24 22:51:21,22/06/26,7:46p,1.1,1.1,18.9,,,1.1,18.9,46,46,97,,,0,0,0,S,0,,0.0,100.6,0.00,0,0.0,0.0,
2026-06-25 04:50:38,22/06/26,10:56p,1.1,1.1,18.9,,,1.1,18.9,46,46,97,,,0,0,0,S,0,,0.0,100.6,0.00,0,0.0,0.0,
2026-06-25 09:57:43,23/06/26,6:56a,1.1,1.1,18.9,,,1.1,18.9,46,46,97,,,0,0,0,S,0,,0.0,100.6,0.00,0,0.0,0.0,
2026-06-25 15:33:21,23/06/26,12:31p,1.1,1.1,18.9,,,1.1,18.9,46,46,97,,,0,0,0,S,0,,0.0,100.6,0.00,0,0.0,0.0,
2026-06-25 17:33:58,23/06/26,2:31p,1.1,1.1,18.9,,,1.1,18.9,46,46,97,,,0,0,0,S,0,,0.0,100.6,0.00,0,0.0,0.0,
2026-06-25 20:35:32,23/06/26,5:31p,1.1,1.1,18.9,,,1.1,18.9,46,46,97,,,0,0,0,S,0,,0.0,100.6,0.00,0,0.0,0.0,
2026-06-25 23:02:23,23/06/26,8:01p,1.1,1.1,18.9,,,1.1,18.9,46,46,97,,,0,0,0,S,0,,0.0,100.6,0.00,0,0.0,0.0,
2026-06-26 04:58:07,23/06/26,10:56p,1.1,1.1,18.9,,,1.1,18.9,46,46,97,,,0,0,0,S,0,,0.0,100.6,0.00,0,0.0,0.0,
2026-06-26 10:01:14,0,0,ERROR,ERROR,ERROR,ERROR,ERROR,ERROR,ERROR,ERROR,ERROR,ERROR,ERROR,ERROR,ERROR,ERROR,ERROR,S,ERROR,ERROR,ERROR,ERROR,ERROR,ERROR,ERROR,ERROR,ERROR
2026-06-26 15:16:23,22/06/26,12:12p,1.1,1.1,18.9,,,1.1,18.9,46,46,97,,,0,0,0,S,0,,0.0,100.6,0.00,0,0.0,0.0,
2026-06-26 17:23:11,22/06/26,2:22p,1.1,1.1,18.9,,,1.1,18.9,46,46,97,,,0,0,0,S,0,,0.0,100.6,0.00,0,0.0,0.0,
2026-06-26 20:22:53,22/06/26,5:22p,1.1,1.1,18.9,,,1.1,18.9,46,46,97,,,0,0,0,S,0,,0.0,100.6,0.00,0,0.0,0.0,
2026-06-26 22:49:37,22/06/26,7:47p,1.1,1.1,18.9,,,1.1,18.9,46,46,97,,,0,0,0,S,0,,0.0,100.6,0.00,0,0.0,0.0,
2026-06-27 04:40:11,22/06/26,10:57p,1.1,1.1,18.9,,,1.1,18.9,46,46,97,,,0,0,0,S,0,,0.0,100.6,0.00,0,0.0,0.0,
2026-06-27 09:16:18,23/06/26,6:12a,1.1,1.1,18.9,,,1.1,18.9,46,46,97,,,0,0,0,S,0,,0.0,100.6,0.00,0,0.0,0.0,
2026-06-27 11:14:31,23/06/26,8:12a,1.1,1.1,18.9,,,1.1,18.9,46,46,97,,,0,0,0,S,0,,0.0,100.6,0.00,0,0.0,0.0,
2026-06-27 14:16:55,23/06/26,11:17a,1.1,1.1,18.9,,,1.1,18.9,46,46,97,,,0,0,0,S,0,,0.0,100.6,0.00,0,0.0,0.0,
2026-06-27 16:45:58,23/06/26,1:42p,1.1,1.1,18.9,,,1.1,18.9,46,46,97,,,0,0,0,S,0,,0.0,100.6,0.00,0,0.0,0.0,
